ID,Segment,Income,Recency,Age
5524,0,58138.0,58,68
2174,0,46344.0,38,71
4141,1,71613.0,26,60
6182,2,26646.0,26,41
5324,0,58293.0,94,44
7446,0,62513.0,16,58
965,0,55635.0,34,54
6177,2,33454.0,32,40
4855,2,30351.0,19,51
5899,2,5648.0,68,75
1994,0,51381.5,11,42
387,2,7500.0,59,49
2125,0,63033.0,82,66
8180,0,59354.0,53,73
2569,2,17323.0,38,38
2114,1,82800.0,23,79
9736,0,41850.0,51,45
4939,2,37760.0,20,79
6565,1,76995.0,91,76
2278,2,33812.0,86,40
9360,2,37040.0,41,43
5376,2,2447.0,42,46
1993,0,58607.0,63,76
4047,1,65324.0,0,71
1409,0,40689.0,69,74
7892,2,18589.0,89,56
2404,0,53359.0,4,49
5255,0,51381.5,19,39
9422,2,38360.0,26,36
1966,1,84618.0,96,60
6864,2,10979.0,34,36
3033,2,38620.0,56,62
5710,0,40548.0,31,55
7373,0,46610.0,8,73
8755,1,68657.0,4,79
10738,0,49389.0,55,74
4339,1,67353.0,37,55
10755,2,23718.0,76,49
8595,0,42429.0,99,52
2968,0,48948.0,53,82
8601,1,80011.0,3,45
503,2,20559.0,88,40
8430,2,21994.0,4,68
7281,0,51381.5,80,66
2139,2,7500.0,19,50
1371,1,79941.0,72,49
9909,2,7500.0,24,29
7286,0,41728.0,92,57
7244,0,51381.5,96,74
6566,1,72550.0,39,71
8614,1,65486.0,29,68
4114,1,79143.0,2,61
1331,2,35790.0,54,48
2225,1,82582.0,54,48
9381,1,66373.0,57,47
6260,1,82384.0,55,70
10383,1,70287.0,30,59
7437,2,27938.0,31,37
8557,0,51381.5,57,43
8375,0,55954.0,63,57
6853,1,75777.0,12,43
3076,1,66653.0,18,50
1012,0,61823.0,26,73
6518,1,67680.0,8,74
4137,1,70666.0,29,77
8082,2,25721.0,75,54
1386,2,32474.0,0,58
9369,1,88194.0,19,46
4477,1,69096.0,4,67
1357,1,74854.0,90,55
1402,1,66991.0,1,71
10629,0,51381.5,25,52
6312,1,65031.0,29,66
8132,0,60631.0,88,50
1050,2,28332.0,58,73
5846,0,40246.0,68,48
1859,1,75251.0,34,53
7503,1,75825.0,40,49
10401,2,26326.0,12,49
1618,0,56046.0,9,60
3332,2,29760.0,87,40
2261,2,26304.0,5,56
5346,2,23559.0,87,52
4119,2,38620.0,56,62
535,1,81361.0,18,38
5268,2,29440.0,95,65
273,2,36138.0,48,55
4452,0,50388.0,3,68
8504,1,79593.0,70,52
771,0,54178.0,79,58
8996,0,51381.5,4,68
9235,0,51381.5,45,68
5798,0,51381.5,87,52
11178,0,42394.0,69,53
2230,2,23626.0,84,55
7516,2,30096.0,30,42
7247,0,47916.0,72,65
11100,0,51813.0,37,53
4646,1,78497.0,44,74
3037,0,50150.0,32,42
1473,0,47823.0,0,65
1016,2,34554.0,43,66
4518,1,85693.0,59,46
9370,1,65846.0,68,80
8908,1,87195.0,35,66
8373,2,24594.0,94,46
7533,0,49096.0,15,61
2683,0,52413.0,56,56
3629,2,38557.0,17,47
10991,1,89058.0,18,65
5077,1,77298.0,46,46
7431,1,68126.0,40,34
3267,0,57288.0,27,62
999,1,86037.0,95,34
9215,0,43974.0,19,45
2286,0,50785.0,27,63
1592,1,90765.0,25,55
367,2,36550.0,74,47
5234,2,30753.0,85,58
9862,2,21918.0,37,56
9805,0,56129.0,65,72
6205,2,32557.0,13,58
8442,2,19510.0,63,40
7386,2,30992.0,83,49
7215,1,101970.0,69,42
1491,1,71488.0,87,60
11071,1,79607.0,37,41
3381,0,54348.0,51,72
8268,0,51381.5,23,64
11051,1,77376.0,72,69
8026,0,62998.0,10,73
433,0,61331.0,42,67
9597,1,73448.0,10,56
1295,0,51381.5,96,62
5290,0,41551.0,51,61
1685,0,62981.0,21,58
5342,2,9548.0,31,49
9579,2,33762.0,61,66
7660,2,35860.0,37,52
1461,2,36921.0,74,60
821,1,92859.0,46,33
11084,1,65104.0,4,49
8690,1,86111.0,73,63
2937,1,68352.0,47,51
9701,0,41883.0,13,37
9949,0,59809.0,36,49
10837,2,23957.0,47,50
3120,2,38547.0,49,44
5885,2,35688.0,94,52
4050,0,49605.0,65,59
3830,0,59354.0,59,72
7987,1,65747.0,96,56
7798,0,46344.0,28,53
92,2,34176.0,12,37
7055,0,61010.0,57,73
10240,1,69372.0,10,76
3025,0,49967.0,4,67
9283,0,60199.0,49,47
9970,0,55375.0,3,48
2730,1,80317.0,64,70
2795,2,30523.0,0,67
9260,1,70356.0,20,80
8182,2,23228.0,91,41
10095,1,74165.0,9,50
8475,1,157243.0,98,52
4370,0,43482.0,83,59
10573,0,62551.0,27,72
3712,0,52332.0,63,66
6637,1,66951.0,46,37
3152,2,26091.0,84,68
5610,2,33456.0,58,60
6460,2,28718.0,78,43
1349,0,50447.0,4,55
1880,0,53537.0,17,66
641,0,52074.0,77,58
8717,1,80427.0,56,50
10314,1,83837.0,79,77
10854,2,38853.0,90,55
10492,2,38285.0,96,66
6935,1,78497.0,44,74
7698,0,51650.0,81,49
3559,2,16248.0,77,37
10562,1,66835.0,21,79
10796,2,30477.0,16,41
2563,2,28249.0,80,64
3518,2,25271.0,45,42
5823,2,32303.0,63,55
3934,0,61286.0,34,59
6982,1,74068.0,14,49
6431,0,45759.0,13,61
9733,2,24882.0,52,47
5602,1,66973.0,98,36
7829,2,36640.0,99,125
1324,2,38872.0,93,37
326,0,51148.0,38,52
7224,2,31353.0,24,48
6999,1,69661.0,80,45
9938,1,80067.0,82,71
6422,1,86718.0,20,71
3182,0,46854.0,81,52
7300,1,69142.0,50,73
10424,1,75922.0,60,57
8727,0,63693.0,63,47
2798,1,102160.0,54,48
1030,0,40637.0,72,60
624,2,18890.0,5,41
5176,2,29604.0,88,37
5552,0,48721.0,50,62
868,0,44794.0,99,59
380,0,64497.0,17,71
2677,0,46097.0,11,69
6521,1,77972.0,18,71
6927,0,44377.0,70,57
2877,0,46014.0,21,51
0,1,70951.0,66,40
1584,0,41443.0,79,48
7264,0,52195.0,2,47
6274,1,83790.0,81,77
1377,0,44551.0,24,71
454,1,69508.0,48,45
1755,0,45204.0,93,37
2075,1,72460.0,56,56
4785,1,77622.0,3,55
9076,2,30732.0,44,45
7079,0,63887.0,38,63
4653,0,42011.0,46,47
7375,0,51369.0,84,49
709,0,51537.0,27,73
460,1,79930.0,72,53
3726,2,34320.0,66,39
6798,2,37070.0,30,59
5341,1,81975.0,2,63
1606,2,38590.0,65,54
9617,2,15033.0,37,74
3233,0,62745.0,89,60
89,2,22212.0,49,50
2936,2,23661.0,46,43
9449,1,79761.0,32,67
7297,2,7500.0,54,52
11004,0,60182.0,23,132
313,1,73455.0,98,57
9940,1,64961.0,97,67
10735,2,22804.0,75,54
9529,1,73687.0,8,35
6439,0,61074.0,37,67
7411,2,31686.0,31,61
2176,1,80134.0,40,53
9265,1,75027.0,74,72
8867,1,67546.0,90,37
8932,1,65176.0,57,56
10236,2,31160.0,59,50
6340,2,29938.0,52,40
10089,1,102692.0,5,51
2227,2,26490.0,92,67
10992,1,75702.0,77,58
5304,2,30899.0,35,51
309,0,63342.0,48,64
3406,0,45989.0,97,61
2661,2,18701.0,95,61
3153,0,40737.0,24,68
10264,2,15287.0,60,46
1184,1,69674.0,46,57
4200,0,44159.0,85,55
9396,2,37717.0,31,47
2387,0,43776.0,9,73
6690,2,38179.0,30,59
1225,1,80124.0,47,62
9703,2,38097.0,70,55
291,1,72940.0,13,55
4557,2,22070.0,11,55
2379,1,69267.0,31,72
5726,2,31788.0,15,42
3066,0,61905.0,2,50
6336,2,29315.0,55,65
10967,2,33378.0,38,62
2304,1,66313.0,86,62
3445,0,60714.0,56,69
7828,1,77882.0,29,44
3762,1,69867.0,30,39
4391,0,63841.0,64,57
4669,2,24480.0,46,44
10144,0,51369.0,84,49
8652,2,37760.0,20,79
1672,1,65640.0,74,51
8962,0,44319.0,18,50
9974,2,30631.0,75,51
10983,1,75278.0,17,73
8148,0,50898.0,88,69
10102,1,79946.0,19,59
4697,2,35416.0,62,76
9262,2,32414.0,11,41
7254,2,38361.0,74,56
4543,1,82497.0,32,45
4927,2,16626.0,76,54
10451,2,29672.0,6,60
2926,0,55951.0,62,73
2874,2,35388.0,20,37
9738,0,42386.0,43,39
7119,1,68627.0,45,43
3924,0,57912.0,34,60
5827,2,35246.0,53,67
5596,0,58821.0,44,69
10812,0,46377.0,89,47
1717,2,39747.0,43,37
9491,2,23976.0,68,41
9274,1,80950.0,44,64
6609,2,27038.0,64,59
6963,1,77457.0,85,78
4440,0,64100.0,93,61
1379,0,42670.0,12,33
10032,2,12571.0,86,49
2826,2,22574.0,28,58
2437,0,51381.5,69,36
6320,1,70893.0,42,49
3050,0,54198.0,13,59
231,2,28839.0,86,69
2392,0,40321.0,59,53
9478,1,66503.0,30,40
113,2,30833.0,33,74
2863,0,51381.5,67,55
1802,1,64795.0,23,54
520,2,34421.0,81,51
8275,0,47025.0,6,60
9750,0,64325.0,41,64
2607,0,40464.0,78,72
7214,0,62187.0,49,68
5835,2,14849.0,39,49
3896,2,27255.0,3,41
10350,0,54432.0,37,75
7786,2,29999.0,22,39
2861,2,24072.0,79,42
663,2,33996.0,46,36
10675,1,66334.0,82,69
2521,2,35178.0,10,54
9592,2,22010.0,51,42
10151,0,62204.0,38,65
7381,1,75693.0,10,57
4099,2,30675.0,14,53
9560,1,83003.0,18,60
1150,1,83532.0,36,126
10172,1,68655.0,95,37
11191,0,41411.0,11,39
9707,0,55212.0,65,56
6245,0,59292.0,71,75
8234,2,27190.0,13,52
1411,1,82623.0,58,73
8553,0,44300.0,65,60
1826,1,84835.0,0,55
8842,2,30372.0,33,54
11030,2,33181.0,90,49
2579,1,71113.0,95,68
175,1,71952.0,93,39
9185,1,69759.0,38,59
11056,1,72099.0,18,51
9365,0,60000.0,57,49
6201,2,38643.0,45,47
2061,0,50737.0,61,70
6184,1,68462.0,6,56
6142,1,65073.0,65,82
4107,0,46681.0,52,77
7274,1,78618.0,87,68
9336,0,62187.0,38,56
2958,2,28442.0,53,47
933,2,37717.0,31,47
5837,0,51479.0,67,58
10704,0,54803.0,65,56
5125,1,79530.0,64,65
4432,2,31615.0,82,49
5955,1,72025.0,27,63
2928,0,52614.0,63,50
5680,2,35684.0,66,41
10313,0,48178.0,69,50
2557,2,29548.0,52,55
1245,0,63810.0,45,59
1519,2,38578.0,2,53
10703,0,46098.0,86,50
1726,2,22585.0,23,55
4459,2,30279.0,13,36
1729,1,66426.0,14,64
1517,2,30822.0,92,56
2098,2,33581.0,38,56
9543,2,19986.0,74,40
6878,2,27421.0,14,71
3310,2,35688.0,94,52
2724,2,36143.0,33,44
948,2,10245.0,32,54
6720,0,43795.0,11,57
6202,0,63381.0,78,65
2066,2,38823.0,56,76
9799,1,83664.0,57,57
8318,1,90300.0,7,46
5642,0,62499.0,0,46
2669,1,74293.0,66,32
455,0,51012.0,86,79
7683,1,70777.0,80,57
3428,1,68682.0,56,34
7414,0,43824.0,18,54
6354,2,15345.0,51,41
798,2,23442.0,71,38
8213,2,14515.0,71,45
2488,2,31395.0,80,69
9999,1,75276.0,2,60
7617,0,42373.0,83,51
615,2,30507.0,29,65
2552,0,55521.0,11,70
194,0,48006.0,55,60
3645,2,27213.0,19,53
8890,1,65808.0,1,54
5049,2,30351.0,19,51
9973,0,50437.0,28,62
7301,2,23616.0,76,43
10882,0,53858.0,50,49
7030,1,66465.0,1,70
7422,0,46923.0,90,38
3523,1,75072.0,83,63
7106,1,75865.0,73,82
6504,2,19789.0,24,50
5067,1,80134.0,11,31
4216,1,91065.0,33,44
8581,0,49505.0,4,54
5929,2,37401.0,14,52
3129,2,30096.0,30,42
6528,2,18492.0,75,43
1361,1,82584.0,26,51
6932,1,93027.0,77,84
7284,0,48686.0,8,72
1340,1,92910.0,42,39
8746,1,75433.0,28,36
5987,2,10404.0,52,36
3767,0,61314.0,1,57
3725,1,84865.0,1,64
4324,0,42387.0,42,36
238,1,67309.0,76,58
6694,1,75236.0,27,61
498,2,30015.0,28,55
9347,0,50943.0,49,69
9699,1,67272.0,12,59
10664,0,51529.0,14,76
5455,2,32011.0,89,54
456,2,7500.0,96,39
5012,2,28691.0,56,36
7495,0,56223.0,72,77
5029,2,18100.0,14,79
10642,2,30279.0,13,36
2106,2,20130.0,99,51
10364,2,23295.0,72,66
5954,0,42618.0,92,53
1137,1,81246.0,87,61
2541,2,24027.0,7,49
1142,0,55707.0,91,72
2276,0,57959.0,71,70
2807,0,56796.0,24,56
6471,2,36230.0,17,54
6131,1,70829.0,87,45
6233,1,65991.0,21,49
4148,2,38988.0,90,53
4947,1,89572.0,44,59
3225,0,42207.0,71,41
7540,0,50300.0,52,73
10648,1,66664.0,78,43
1992,0,60597.0,2,61
7851,1,70165.0,60,76
8594,0,50520.0,25,67
7059,1,80124.0,47,62
2815,2,33183.0,46,50
2416,1,66582.0,83,56
7999,1,75261.0,17,70
9213,2,31880.0,13,55
9697,0,53790.0,86,74
3916,0,49269.0,92,54
2021,0,61456.0,47,50
1581,2,37406.0,18,45
564,0,56937.0,81,44
6619,2,38415.0,91,47
9081,2,20518.0,58,37
178,0,62503.0,40,69
916,0,41644.0,67,53
5512,0,55842.0,19,48
8970,0,62010.0,93,53
10581,0,41124.0,41,48
5300,2,38961.0,60,52
5154,2,37760.0,54,53
8346,2,32233.0,26,51
1676,0,43057.0,30,50
9286,1,83151.0,93,65
2426,1,78825.0,35,61
5172,1,65104.0,4,49
5562,0,60093.0,92,51
3436,2,14045.0,24,56
3921,2,28457.0,96,73
3403,1,78952.0,11,67
22,0,46310.0,99,49
10965,1,76005.0,72,70
9426,0,58308.0,77,61
6605,0,55614.0,85,81
3136,0,59432.0,88,63
8737,0,55563.0,22,47
11088,1,78642.0,83,54
716,1,67911.0,63,76
466,1,65275.0,9,81
9135,2,27203.0,92,75
10623,0,48330.0,2,64
8151,2,24279.0,6,35
5140,0,64355.0,66,40
10160,0,50943.0,49,69
4945,0,53653.0,29,72
10584,1,65665.0,77,49
6071,1,81217.0,77,36
3386,2,34935.0,71,33
8939,0,61250.0,49,66
9925,2,39665.0,97,44
4320,0,60152.0,6,46
5389,0,48920.0,93,61
6036,1,89120.0,78,66
182,0,44124.0,62,79
203,1,81169.0,47,50
11025,2,36443.0,9,64
10203,2,26095.0,77,35
4607,1,71367.0,24,66
3711,1,80184.0,19,81
3696,2,30630.0,67,60
2532,1,73454.0,95,38
9214,0,42691.0,48,34
4943,1,70503.0,73,72
35,2,25545.0,35,38
2258,2,32880.0,76,39
4322,1,77863.0,20,67
713,0,50353.0,72,48
4702,0,61839.0,20,61
3281,0,49154.0,69,65
702,0,47682.0,80,50
2004,1,72679.0,65,56
4769,0,57954.0,52,48
4437,1,65316.0,65,63
8724,2,28567.0,57,43
10741,0,47352.0,70,74
1991,0,44931.0,0,58
6931,1,76982.0,19,58
11096,0,57247.0,50,73
304,2,22944.0,67,44
3665,2,25315.0,46,48
10591,0,43638.0,37,56
5036,0,42710.0,38,41
5547,1,84169.0,9,43
7822,0,54058.0,56,49
8541,2,24683.0,98,35
10955,1,85620.0,68,61
4368,0,47850.0,72,45
9671,2,19514.0,47,57
2256,2,27159.0,33,52
4279,2,39548.0,87,62
5371,2,21474.0,0,36
9240,0,60504.0,73,54
9460,2,22419.0,74,62
9504,1,81698.0,4,76
8692,0,43462.0,50,73
448,0,54880.0,57,47
8314,1,79908.0,30,43
8420,2,15315.0,27,55
3174,1,87771.0,61,66
7685,2,33039.0,4,47
3179,1,81741.0,75,45
9780,1,71499.0,12,54
10681,0,62466.0,13,55
10232,0,48799.0,9,62
4184,0,52157.0,48,75
9120,1,66565.0,80,63
891,2,29298.0,60,74
10381,0,47691.0,43,46
3525,2,38200.0,19,55
6818,0,44989.0,26,51
3526,2,38443.0,58,57
8181,2,38593.0,42,47
1029,0,64413.0,27,55
7369,2,36959.0,56,44
2574,0,61996.0,27,48
8159,0,51287.0,10,57
1160,2,13260.0,48,55
10242,0,47472.0,39,59
5253,0,54603.0,85,69
5966,0,45207.0,64,51
5314,0,40689.0,69,74
5081,0,47821.0,54,58
5123,2,27450.0,57,74
5756,2,39453.0,64,42
8036,2,26850.0,10,54
9058,1,79800.0,65,70
5057,0,61794.0,74,64
254,0,53863.0,4,70
4179,2,24221.0,94,66
3710,2,39684.0,41,41
7627,1,92163.0,25,50
4501,1,69882.0,94,60
6424,2,33178.0,9,48
3075,0,59973.0,47,53
4992,2,17459.0,12,50
5252,2,23910.0,80,56
7444,0,42169.0,20,56
6919,2,26224.0,39,47
3537,2,31089.0,57,44
10277,2,30081.0,27,64
2453,0,62807.0,83,65
7972,1,72906.0,79,70
895,0,61467.0,69,77
1177,0,49618.0,77,59
7141,2,21888.0,15,39
7232,0,42429.0,99,52
8477,2,26150.0,61,69
2457,2,30801.0,23,50
988,1,81168.0,84,60
7930,2,26877.0,74,56
4587,0,45006.0,90,81
6682,2,18978.0,41,52
6222,2,22574.0,28,58
10299,0,48240.0,73,56
3083,0,45837.0,88,51
8953,2,35791.0,94,60
1503,1,162397.0,31,49
8650,0,54162.0,31,47
10862,2,30522.0,6,65
2782,0,54456.0,23,64
6941,2,31632.0,92,54
10972,1,72298.0,52,76
10708,2,36975.0,50,47
6583,1,72635.0,54,70
3641,2,13624.0,93,49
10156,1,84196.0,56,50
4299,1,70971.0,28,65
3469,2,34487.0,94,48
5063,2,28769.0,76,48
10727,1,69084.0,43,55
9624,1,65488.0,46,67
5156,0,62466.0,13,55
4376,2,32218.0,27,65
8923,1,83917.0,12,52
8461,0,46102.0,3,63
6945,1,84574.0,72,73
944,0,56181.0,6,63
1907,0,63120.0,53,75
701,1,73691.0,58,54
3856,0,63381.0,78,65
4149,1,76140.0,57,77
2131,0,62859.0,37,66
2942,0,45906.0,20,61
1173,1,77632.0,73,78
4381,0,46463.0,56,54
4611,1,105471.0,36,55
3376,0,55282.0,9,55
4679,1,78710.0,42,48
10928,1,66886.0,28,67
4248,1,98777.0,23,65
6728,2,29103.0,38,40
6661,1,67445.0,63,51
4725,0,50616.0,71,75
3277,0,49431.0,9,70
5555,1,153924.0,81,50
2564,0,61278.0,87,72
946,2,26490.0,92,67
3867,1,73059.0,36,78
6940,0,46734.0,86,59
55,0,56253.0,83,62
7093,2,19986.0,74,40
5084,0,58330.0,87,50
1777,2,25965.0,29,45
8162,2,14661.0,88,69
10826,2,18690.0,77,66
8754,0,45068.0,25,51
1987,2,21063.0,34,38
11007,2,29187.0,43,57
7426,0,54690.0,76,54
9153,0,59304.0,81,61
10379,0,59247.0,87,63
9204,1,66731.0,33,55
3197,1,77353.0,38,45
2920,0,52614.0,63,50
6961,2,26751.0,26,51
4673,1,81300.0,17,62
9937,1,70337.0,75,46
8779,2,36145.0,13,40
9596,1,65295.0,19,45
2891,1,68118.0,51,62
4910,1,68743.0,81,58
75,0,41039.0,32,43
10120,2,38946.0,84,70
6327,1,65777.0,87,58
10142,1,66476.0,99,49
9826,1,86857.0,96,53
1501,1,160803.0,21,43
10767,1,77845.0,40,36
7279,1,69476.0,3,56
7230,0,50611.0,98,65
143,0,61209.0,73,55
450,0,42315.0,90,67
9316,2,13084.0,29,73
6379,0,47570.0,3,76
9239,0,61923.0,94,64
8315,2,34824.0,65,30
2868,2,26518.0,33,76
10888,0,45938.0,46,64
1277,1,78468.0,29,65
9977,1,78901.0,99,52
10196,1,71427.0,26,47
6384,1,71022.0,30,47
8029,1,90247.0,27,37
968,0,41335.0,24,57
6988,1,71952.0,93,39
4472,2,35682.0,34,55
6991,0,43185.0,88,74
3336,1,66375.0,96,77
4301,2,35178.0,10,54
1940,2,25252.0,26,39
1272,0,55250.0,49,60
1388,2,33249.0,11,50
1044,0,58398.0,44,72
6969,0,50272.0,75,43
10479,1,76618.0,64,50
3619,1,87305.0,19,65
1715,2,25851.0,45,47
10159,0,58710.0,77,55
1463,0,45160.0,9,67
5114,1,74806.0,1,60
4990,0,59111.0,90,71
4329,2,18988.0,43,41
10936,1,72190.0,79,60
4692,2,7500.0,19,49
7212,0,44794.0,99,59
6086,1,80395.0,62,70
437,1,75012.0,41,49
11171,0,56962.0,60,60
11101,1,89891.0,17,34
5329,2,35946.0,24,76
610,0,53593.0,60,72
9384,1,66373.0,57,47
5956,0,45072.0,74,77
10430,1,89694.0,22,52
7875,1,72025.0,46,76
7072,1,67432.0,69,52
6255,1,70545.0,29,73
6516,2,17487.0,37,36
5564,0,62882.0,26,56
5682,0,64108.0,8,72
7458,2,34941.0,26,69
5237,0,48767.0,79,75
7761,2,38702.0,71,47
5278,1,82224.0,83,61
3560,1,83844.0,57,73
7235,2,17003.0,37,50
10548,1,71163.0,30,30
2281,2,33697.0,34,55
4073,0,63564.0,0,71
6974,1,83443.0,89,53
7938,0,51518.0,92,67
7094,0,58330.0,87,50
3667,1,80952.0,20,56
7723,1,75507.0,56,46
3870,0,63855.0,28,47
4012,0,62220.0,55,53
5909,0,58512.0,25,61
10470,0,40662.0,0,46
6488,2,38829.0,86,66
10270,2,35523.0,8,44
6887,1,79146.0,33,58
6406,1,78285.0,13,37
7573,2,31626.0,12,47
4508,1,75127.0,92,73
221,0,48726.0,90,70
5331,1,74985.0,8,48
1911,1,67430.0,6,38
20,0,46891.0,91,60
8786,0,62058.0,52,69
10582,1,72063.0,3,46
1915,1,78939.0,57,74
8897,0,42720.0,9,60
2371,2,33622.0,22,53
4303,2,6835.0,76,68
6825,0,41452.0,86,72
1072,0,40760.0,64,60
4964,1,74250.0,90,67
2461,0,51124.0,79,70
10736,1,72258.0,28,54
3194,1,71466.0,86,51
10839,2,36283.0,42,49
49,2,20587.0,39,55
4290,2,30467.0,8,53
10219,2,31590.0,40,53
4211,2,20425.0,5,39
1135,2,17144.0,96,65
6299,0,42564.0,28,57
10846,0,43783.0,22,47
347,0,40780.0,30,49
6543,0,62847.0,45,80
10446,1,82017.0,58,68
3479,2,16813.0,49,75
11075,0,51267.0,37,47
4442,0,46524.0,70,64
199,0,45183.0,33,63
6722,1,70421.0,98,71
796,0,60161.0,17,60
3749,1,73926.0,54,52
8523,2,19329.0,39,57
310,0,61872.0,81,55
8629,0,46984.0,71,69
236,2,34838.0,62,74
9930,1,82716.0,8,81
3483,0,48192.0,76,67
4599,0,49681.0,66,49
7326,0,56850.0,83,54
7352,0,55267.0,28,68
2350,0,59666.0,87,53
9145,1,72504.0,43,53
2964,2,26872.0,0,44
5585,2,21359.0,1,53
9687,1,73170.0,1,50
3732,0,52750.0,72,70
6303,1,91820.0,72,39
11176,1,65968.0,12,55
2986,2,30772.0,89,49
7462,2,22507.0,67,71
3900,1,65685.0,54,53
7034,2,25804.0,34,47
9493,1,76412.0,15,45
1143,2,22063.0,43,53
1,0,57091.0,0,64
3855,2,22419.0,74,62
5536,1,87771.0,61,66
5989,1,78353.0,51,66
9499,1,93404.0,97,71
6768,2,37859.0,75,63
2150,1,80995.0,83,67
6646,2,16529.0,23,41
4887,0,55412.0,65,49
8560,0,48789.0,94,33
3321,0,56575.0,42,58
11003,2,25130.0,10,45
10402,2,35441.0,94,58
9904,1,71391.0,50,69
6141,0,49494.0,46,53
5687,1,81702.0,98,45
10856,0,45889.0,42,45
5121,0,56628.0,30,48
4186,2,34026.0,11,75
368,2,40049.0,61,51
3312,2,34176.0,12,37
11121,2,19419.0,76,44
5332,1,82504.0,2,65
5848,1,81205.0,43,55
10343,0,61618.0,27,34
5935,0,55284.0,60,69
2895,0,49980.0,79,62
10262,2,15072.0,96,45
7848,0,49166.0,17,51
9477,1,65324.0,0,71
4856,1,82347.0,38,68
7186,2,30843.0,43,59
5794,0,46374.0,1,51
1456,0,60474.0,25,46
4877,2,38576.0,2,52
425,0,55357.0,66,40
3007,2,37758.0,49,59
1031,1,85710.0,5,36
4297,2,23228.0,71,56
807,0,44602.0,35,56
9553,2,7500.0,94,38
4271,2,38683.0,80,36
4120,0,49514.0,61,50
2036,0,57906.0,29,52
115,0,43456.0,0,59
4259,2,19485.0,80,39
8687,0,53172.0,54,47
2447,2,30545.0,71,46
10140,1,70123.0,27,42
9353,0,62450.0,61,66
3623,2,21675.0,55,49
738,0,42395.0,35,44
7631,0,61346.0,34,47
4789,1,80812.0,95,72
773,0,42835.0,64,54
10602,2,39922.0,30,42
1446,1,86424.0,12,69
3270,2,17117.0,96,47
8443,2,24762.0,16,53
9653,2,35797.0,16,50
8916,2,36627.0,78,50
8017,0,51111.0,83,44
5830,1,86857.0,96,53
4597,1,82072.0,67,55
7023,0,46231.0,87,72
8086,0,42243.0,34,66
8825,0,51195.0,46,63
2930,1,68092.0,7,47
1928,2,31814.0,73,52
7108,0,51390.0,54,60
10925,1,76630.0,93,42
9960,2,26868.0,52,34
8800,0,48948.0,53,82
9224,0,55260.0,81,53
5519,0,64090.0,8,69
5046,1,78331.0,97,67
7037,2,37087.0,50,51
905,2,21846.0,38,39
8624,1,81320.0,61,67
8945,0,54137.0,46,55
6445,1,66825.0,73,58
2727,0,57100.0,19,52
6404,0,58917.0,10,56
11074,1,85072.0,94,48
10150,1,86429.0,10,64
1968,0,45684.0,37,54
6534,0,47889.0,94,51
9485,0,45921.0,23,39
7053,1,78420.0,75,59
4654,1,75114.0,40,33
9760,0,52278.0,24,62
1048,2,35641.0,11,53
10619,1,95529.0,29,31
9308,0,62820.0,51,71
10505,1,73113.0,86,65
8362,1,84169.0,9,43
2625,0,42607.0,30,71
4637,1,74637.0,73,71
9972,0,46015.0,25,70
4483,1,72354.0,67,32
4487,2,39858.0,67,56
4988,2,34469.0,58,77
8931,1,83033.0,82,39
5871,2,24401.0,98,46
2008,1,77583.0,93,47
3139,1,74116.0,53,43
10037,1,74293.0,66,32
10673,1,68397.0,6,49
5303,1,79632.0,42,51
538,0,46107.0,78,36
7922,1,64950.0,29,74
5692,2,25443.0,82,36
4843,1,75127.0,92,73
6383,2,32892.0,78,54
1628,1,71796.0,54,54
1204,1,67536.0,45,55
3673,0,55239.0,59,54
760,0,60554.0,8,50
8957,1,64831.0,51,73
4128,0,56067.0,51,63
6810,1,82025.0,76,42
5386,1,94384.0,62,72
8700,2,14906.0,86,39
3202,0,51563.0,60,38
1328,0,57937.0,56,43
8405,1,68274.0,83,46
6515,2,39771.0,92,48
2882,1,67893.0,31,50
7574,2,27922.0,80,46
6387,0,52190.0,39,49
5320,0,44051.0,20,52
5048,0,42767.0,53,54
8146,0,46106.0,84,49
10031,2,16927.0,50,49
5748,0,59754.0,96,60
2134,0,53700.0,94,73
1523,0,59041.0,25,52
9665,0,54237.0,48,68
4640,1,70647.0,65,58
3635,0,52597.0,69,63
3547,0,41021.0,12,56
2456,0,40233.0,84,50
5633,0,50183.0,47,45
7801,0,54753.0,87,66
10489,1,92955.0,35,52
7011,2,33471.0,47,52
2620,2,34596.0,48,51
3933,0,44010.0,46,45
10981,1,84219.0,27,37
1734,0,40706.0,37,57
10995,2,15716.0,8,37
6357,0,59052.0,29,66
9209,1,80573.0,85,54
10286,1,83715.0,2,63
2611,1,82576.0,66,66
1600,0,56962.0,60,60
3308,2,35704.0,54,73
5407,0,53103.0,70,71
2166,0,46779.0,55,65
3955,2,4861.0,20,60
6634,2,33462.0,78,46
3056,0,63693.0,63,47
5718,1,80763.0,17,75
6872,1,65352.0,43,51
8164,1,82170.0,13,47
4580,1,75759.0,46,56
9305,1,79689.0,65,49
453,2,35340.0,1,69
8545,1,85683.0,6,71
9850,2,24884.0,32,53
7378,0,42021.0,34,44
7646,0,64449.0,70,36
1640,1,64587.0,49,71
5184,2,34824.0,65,30
8492,1,75437.0,25,47
11188,2,26091.0,84,68
1212,0,52845.0,7,52
9097,0,46086.0,34,69
10473,1,78028.0,38,69
7962,1,95169.0,1,38
9984,0,56337.0,25,44
5527,2,22434.0,25,38
6374,2,36930.0,50,71
7453,2,36130.0,46,71
8952,1,65569.0,96,72
241,1,83844.0,57,73
8975,2,19514.0,47,57
6119,2,36736.0,52,62
5236,1,77568.0,30,46
5723,0,49187.0,63,49
1710,2,30168.0,51,47
1970,2,34053.0,14,57
5313,2,38196.0,20,54
10634,0,59412.0,56,74
7010,1,70924.0,41,60
8562,0,54165.0,72,56
3158,2,32300.0,1,52
4436,2,20180.0,27,49
5287,2,34961.0,77,52
2445,2,28440.0,87,51
6059,0,64504.0,81,72
4550,2,33564.0,51,59
4240,2,17345.0,79,47
8911,0,56320.0,11,58
3706,2,28647.0,54,47
3628,2,15038.0,93,38
10175,2,32173.0,0,67
8985,1,68316.0,54,61
5204,1,74538.0,21,54
9220,1,91700.0,58,54
9888,1,68695.0,3,56
5263,2,31056.0,99,48
1020,1,79593.0,70,52
9503,2,28071.0,65,45
10613,2,37334.0,44,67
67,0,46423.0,6,53
6019,2,37126.0,9,54
5863,0,47703.0,95,72
3717,0,61180.0,70,66
6730,2,38998.0,92,71
10749,2,8028.0,62,34
4998,1,76081.0,85,63
6287,2,34728.0,2,39
5985,2,33168.0,0,60
4754,2,33585.0,91,59
4002,1,77037.0,3,65
8870,2,35196.0,68,41
966,0,44529.0,98,59
4767,1,70924.0,41,60
9725,2,28764.0,16,59
4475,1,69098.0,82,76
5740,2,25959.0,1,55
5731,2,27100.0,64,42
7290,1,70596.0,68,40
3846,0,42557.0,98,51
8104,0,53312.0,32,74
4507,1,72228.0,87,73
11013,1,67605.0,84,38
4491,0,62845.0,3,76
3759,1,65196.0,34,67
1162,0,42000.0,23,38
2055,2,35860.0,37,52
10766,1,65526.0,22,61
4415,2,16860.0,19,64
3005,1,83528.0,7,33
2223,0,64176.0,52,60
4817,2,22304.0,91,69
2875,1,67023.0,93,47
10536,2,32892.0,78,54
11112,1,70713.0,23,59
3807,0,59925.0,83,70
9197,2,39722.0,92,72
10832,0,46610.0,4,67
6421,1,88347.0,32,64
4207,1,87171.0,27,44
577,2,26907.0,10,49
10855,0,50014.0,9,57
3081,0,41014.0,65,47
3535,1,66294.0,68,60
247,2,36715.0,16,54
8707,1,79456.0,12,69
9523,0,40479.0,95,43
6072,1,75345.0,16,55
6295,0,54233.0,46,48
10914,2,24163.0,3,55
1509,1,84460.0,80,67
5577,0,43776.0,77,42
7348,1,71691.0,0,67
1127,1,85844.0,62,52
1833,2,39190.0,91,51
4944,1,71367.0,24,66
9080,2,38578.0,2,53
6466,0,57236.0,22,60
9964,0,61825.0,56,46
4790,1,79803.0,54,67
10245,1,80910.0,71,39
1109,2,27590.0,38,43
6001,0,56775.0,62,46
5538,1,83829.0,78,50
10552,0,54210.0,18,46
1545,2,38508.0,95,39
7409,0,53187.0,66,55
4444,2,30023.0,28,53
146,1,76045.0,78,65
6271,0,50870.0,13,73
10065,2,15315.0,27,55
4741,1,65463.0,17,51
246,1,66480.0,71,60
375,1,76773.0,79,71
1524,1,81698.0,1,42
10022,0,54466.0,78,52
7451,1,98777.0,23,65
11010,2,16269.0,75,41
4356,1,71819.0,70,54
3885,2,33569.0,10,42
1175,2,36262.0,24,42
880,2,22634.0,47,59
2320,0,47025.0,98,47
850,1,70566.0,4,57
4713,2,31605.0,15,46
675,0,52034.0,67,52
5025,0,48526.0,32,46
2308,0,46734.0,40,71
5995,2,39552.0,54,63
6749,1,86358.0,78,59
1010,0,46931.0,94,48
8977,2,16581.0,51,40
4756,0,63998.0,42,73
3412,1,67381.0,67,74
606,2,25930.0,87,58
5961,0,42693.0,29,47
2975,1,85606.0,89,49
2894,1,72903.0,74,40
7613,0,49669.0,97,51
10542,2,36778.0,63,57
8015,1,85696.0,88,63
10617,2,10979.0,34,36
11166,0,49678.0,81,64
849,0,56129.0,65,72
523,2,37155.0,51,36
4066,2,21282.0,76,47
8414,2,33419.0,76,63
819,0,63285.0,84,80
4961,2,21255.0,56,51
749,0,42162.0,31,44
5430,0,54450.0,0,69
7755,0,57744.0,91,71
10525,2,26576.0,40,39
1453,0,57513.0,59,82
8310,1,68142.0,96,61
10710,2,7500.0,61,46
5031,1,83145.0,14,51
2613,0,54197.0,16,65
213,2,23091.0,98,62
967,0,46049.0,11,49
1077,0,56715.0,52,51
7959,1,79410.0,19,64
640,0,57304.0,61,74
4252,0,44375.0,73,60
8432,0,54450.0,0,69
6218,0,59594.0,74,60
6905,1,80685.0,55,31
5922,0,40344.0,48,51
3598,0,62710.0,53,53
6116,0,48985.0,13,57
6263,2,35322.0,34,57
10486,1,77142.0,54,77
2410,1,81657.0,69,56
193,2,14421.0,81,29
3363,2,20130.0,99,51
8278,1,74214.0,3,35
10660,1,66726.0,61,68
8686,2,23724.0,65,46
1604,0,47353.0,93,65
5907,2,33444.0,24,73
10669,0,54386.0,8,44
2918,2,28510.0,72,44
5735,1,90638.0,29,34
359,0,48070.0,33,75
8387,0,43140.0,68,68
1829,0,54959.0,55,64
3839,2,15056.0,76,67
9392,2,26954.0,17,54
2292,2,22327.0,94,40
10466,0,44393.0,86,60
9855,0,62000.0,25,73
4088,2,31497.0,22,63
5231,0,45894.0,15,51
590,1,78579.0,35,55
8732,1,67369.0,81,56
2315,0,58401.0,55,65
3515,0,62307.0,94,73
2245,0,43641.0,50,56
6283,0,63841.0,64,57
2246,0,46891.0,91,60
6606,1,70091.0,11,56
5545,1,78075.0,72,53
7342,0,59184.0,6,64
837,0,54809.0,0,48
9500,0,58113.0,66,66
3602,0,51412.0,42,67
234,2,15287.0,60,46
2995,1,66636.0,64,68
1118,0,50965.0,87,69
7789,1,84618.0,96,60
3068,2,18351.0,1,35
8955,0,40451.0,54,68
945,2,36317.0,53,60
5644,0,42213.0,96,68
7192,1,65748.0,58,70
2324,1,77044.0,12,53
697,1,74918.0,78,56
3439,0,56721.0,64,53
1506,0,42160.0,26,50
232,0,61559.0,8,60
8876,2,33629.0,49,62
4500,1,68682.0,56,34
9739,2,34377.0,55,62
10395,2,8940.0,25,39
1176,2,26228.0,50,52
1627,1,77297.0,84,68
938,2,40211.0,30,44
2740,2,33438.0,81,67
257,1,75032.0,74,66
4058,0,61284.0,76,70
7736,2,22518.0,36,39
8210,0,54730.0,64,50
833,2,38452.0,62,70
6230,0,44421.0,53,54
7325,2,38197.0,86,39
1307,0,41986.0,15,47
1502,2,28427.0,67,42
6211,2,37395.0,47,49
843,1,64722.0,47,54
4174,0,55249.0,81,69
9757,1,84906.0,98,53
6918,2,28691.0,56,36
286,0,44213.0,48,73
11086,2,25707.0,18,41
1921,0,59062.0,74,58
4138,1,76624.0,68,63
7718,1,66000.0,36,78
1291,2,27683.0,90,47
6862,2,1730.0,65,54
4136,2,7500.0,63,33
803,0,40521.0,82,57
4298,2,20427.0,63,52
10833,1,65106.0,55,50
9606,1,69969.0,64,60
8534,1,67433.0,51,73
5153,1,77766.0,97,58
961,1,74716.0,92,53
5011,1,68118.0,51,62
6653,0,55158.0,72,55
9094,0,62972.0,39,70
810,1,74190.0,49,50
5493,2,39356.0,21,49
2147,1,76653.0,91,56
5107,2,35860.0,37,52
3979,1,90687.0,98,42
6049,1,73450.0,85,43
8147,2,31454.0,40,65
1857,0,47139.0,2,73
3910,1,83829.0,78,50
5207,0,53378.0,41,62
11114,2,19656.0,94,55
5429,0,45579.0,10,77
9400,1,85485.0,73,67
1740,0,55956.0,22,81
7488,0,64191.0,30,62
195,2,38808.0,21,53
635,0,57183.0,51,59
7527,2,23748.0,97,57
10319,1,66303.0,56,54
2296,2,37368.0,4,50
10637,0,40800.0,77,61
2931,1,71847.0,95,47
907,0,46149.0,36,50
3698,1,78687.0,13,42
9516,0,49118.0,90,54
679,2,37633.0,49,68
7384,2,39767.0,18,74
5043,2,26997.0,89,74
5267,2,33986.0,43,55
339,0,57091.0,82,53
2516,0,46831.0,84,56
9010,1,83151.0,80,53
378,0,52531.0,68,54
4808,2,15759.0,12,69
5068,2,22804.0,75,54
7628,0,43050.0,10,52
7128,0,42997.0,91,48
2811,0,48918.0,21,62
3551,0,60033.0,28,71
1663,2,34043.0,97,47
5543,0,57811.0,49,59
1577,1,78569.0,14,79
10641,2,7500.0,5,47
5336,1,157733.0,37,54
6024,1,94384.0,62,72
1878,2,23148.0,83,40
3099,0,44267.0,48,55
6055,1,71626.0,94,46
5841,0,60894.0,61,59
3972,0,50200.0,70,49
4394,1,81051.0,43,60
5758,1,65169.0,23,43
6658,0,59868.0,37,53
4603,1,65695.0,50,65
8427,1,64857.0,78,69
10260,0,45143.0,74,60
7143,1,74805.0,14,70
8789,0,59060.0,77,36
6197,2,27238.0,39,63
4554,0,47009.0,89,60
4937,0,46094.0,62,52
1920,0,40321.0,59,53
8749,2,37235.0,68,41
1650,1,81843.0,13,65
10377,0,46692.0,37,67
9206,1,77382.0,36,57
10971,2,37774.0,28,48
6398,2,18393.0,2,51
9212,1,72828.0,17,63
7937,2,24711.0,86,43
839,0,45503.0,54,50
4246,2,6560.0,2,43
158,1,71604.0,3,80
4832,2,27244.0,84,46
5621,0,48752.0,8,56
1945,1,71434.0,4,63
5147,1,90842.0,57,77
2535,1,88097.0,24,47
11039,0,51948.0,51,50
9495,1,71853.0,29,43
9635,2,35876.0,13,42
2173,2,40049.0,23,73
942,2,39660.0,36,43
9386,0,50127.0,88,63
5510,0,43263.0,2,48
873,0,62845.0,3,76
2253,2,18929.0,15,35
5181,2,24367.0,58,43
979,2,33249.0,11,50
10390,2,26887.0,27,66
4698,0,50150.0,32,42
7793,0,62061.0,12,49
1745,1,85696.0,88,63
10590,1,76542.0,91,69
5080,1,70515.0,12,32
8369,2,18227.0,21,38
5232,1,69139.0,23,60
2407,1,69109.0,10,43
3834,1,69627.0,35,63
7912,2,38136.0,69,47
7712,0,62159.0,68,79
1065,1,80695.0,85,62
7275,2,33316.0,34,54
1343,0,58554.0,55,57
1384,2,17256.0,10,33
9967,0,53034.0,30,51
6181,0,52203.0,36,75
10507,0,59601.0,14,48
2674,1,75154.0,79,67
2698,0,47025.0,52,49
3231,2,37971.0,97,52
4096,0,41335.0,24,57
10476,1,67267.0,0,67
5948,0,57338.0,96,50
9140,0,50523.0,89,65
10258,2,35791.0,94,60
5675,0,50611.0,98,65
4743,0,56242.0,72,56
8805,0,48904.0,1,65
1542,0,56243.0,26,50
6770,2,21355.0,5,40
8773,0,57420.0,22,54
10475,0,51381.5,39,55
10420,0,46390.0,56,70
7514,0,54342.0,74,69
2902,0,51381.5,87,67
4345,0,51381.5,49,61
793,2,20895.0,24,52
10909,1,92344.0,9,77
3769,0,51381.5,17,53
8702,2,26907.0,10,49
4791,0,44964.0,35,45
2963,1,75507.0,56,46
8216,0,53761.0,7,53
8140,2,22682.0,51,52
10146,2,38887.0,17,53
5289,0,41658.0,30,50
2587,2,29791.0,21,53
4405,0,63915.0,2,69
8663,2,39996.0,85,51
2589,2,26759.0,65,53
3421,0,63841.0,64,57
10490,0,51039.0,11,56
4094,0,60544.0,92,64
9958,1,65685.0,54,53
2534,2,37716.0,4,72
4188,2,36864.0,53,68
6613,0,44511.0,39,55
10827,2,36947.0,49,58
5491,0,47352.0,70,74
8402,1,67087.0,40,72
8783,0,57045.0,40,75
10010,2,36957.0,43,72
618,1,69389.0,17,48
9121,1,80134.0,40,53
361,0,43142.0,84,56
4310,1,80589.0,25,81
2678,2,34412.0,62,35
6376,0,57537.0,83,46
524,2,22634.0,47,59
10341,0,51315.0,45,77
5654,2,36026.0,34,53
4098,2,24639.0,3,52
5824,2,34578.0,1,53
7000,1,65704.0,18,53
2561,0,63810.0,45,59
5229,0,54132.0,81,56
4086,2,18690.0,77,66
2428,2,28164.0,23,55
8254,2,34596.0,48,51
2836,0,43269.0,61,53
8418,2,38741.0,60,67
1362,2,31907.0,75,53
7152,2,27100.0,64,42
10033,2,31163.0,54,52
9349,1,92533.0,84,40
274,2,34853.0,75,52
3388,1,70844.0,16,58
922,2,31086.0,79,46
8588,0,60544.0,92,64
2518,2,20491.0,16,39
574,0,42523.0,96,61
3220,2,39922.0,30,42
5967,2,33402.0,60,73
1183,2,36408.0,11,76
6856,2,21645.0,75,46
4530,1,78427.0,36,77
1553,1,82657.0,71,79
4682,0,51876.0,88,67
8204,1,78041.0,93,54
5221,0,52852.0,93,68
1232,1,70038.0,54,43
1927,1,69401.0,41,52
5788,0,46053.0,46,53
6652,1,77343.0,28,60
6246,1,73892.0,40,72
5975,0,40304.0,82,58
6875,2,32727.0,38,60
4399,1,68695.0,3,56
4042,0,43300.0,87,54
2157,2,26290.0,49,53
10133,1,93790.0,16,55
2525,2,38410.0,65,51
8233,1,64866.0,9,75
9483,0,57957.0,24,66
2945,0,46015.0,25,70
10403,2,16531.0,43,47
5074,2,28072.0,10,39
10524,0,49476.0,29,62
4690,0,50725.0,45,72
7521,1,83844.0,57,73
7196,0,41145.0,20,75
4406,1,67419.0,29,55
9672,2,23162.0,82,55
4864,2,34380.0,68,48
4706,2,34704.0,65,59
4070,1,94871.0,99,56
25,1,65148.0,9,67
3697,2,39898.0,20,71
217,1,64857.0,78,69
4220,0,59892.0,26,55
5286,0,41020.0,68,38
9559,0,57072.0,79,64
2849,0,60474.0,25,46
7787,0,62807.0,83,65
3102,2,19414.0,32,44
5868,2,19107.0,49,45
8370,1,75484.0,50,49
9988,1,70379.0,84,49
2939,1,79419.0,96,55
5529,0,64014.0,56,79
9743,1,76998.0,85,70
5763,0,49854.0,63,53
3478,0,60585.0,17,54
7494,0,42873.0,11,75
1763,1,87679.0,62,37
7250,0,57867.0,48,47
2005,2,35765.0,86,35
10770,1,65492.0,73,66
6885,2,32952.0,36,48
2072,0,53374.0,34,56
9463,1,71706.0,16,66
6318,1,68487.0,48,37
4093,0,53253.0,61,50
5751,2,31163.0,54,52
3340,0,42014.0,56,48
3594,0,54108.0,74,52
3584,0,49667.0,35,70
3643,0,63206.0,65,51
851,0,57136.0,48,53
7706,0,46772.0,88,50
3967,1,78931.0,19,54
10128,0,53977.0,21,67
486,1,84219.0,27,37
9,0,46098.0,86,50
9451,1,73538.0,92,60
9264,1,79529.0,1,39
3865,2,20981.0,14,48
2853,0,51766.0,74,45
1490,0,55759.0,84,63
6310,2,33039.0,4,47
10380,2,37787.0,50,53
3887,2,27242.0,2,55
4278,1,87188.0,73,42
8643,1,69930.0,21,54
1998,2,37697.0,82,49
10795,2,37401.0,14,52
11110,2,3502.0,56,52
2408,0,58597.0,20,49
202,1,82032.0,54,77
7998,2,28087.0,77,67
830,1,74004.0,5,38
3536,2,19740.0,65,65
6050,0,57036.0,33,50
125,0,53083.0,65,67
3463,1,69283.0,41,50
2804,0,46098.0,86,50
3745,2,23331.0,92,37
9771,2,23331.0,97,37
451,2,9255.0,91,36
10530,1,67786.0,0,66
1079,1,71969.0,59,54
8920,0,59235.0,4,58
6678,2,31928.0,5,36
3852,1,74881.0,48,64
528,1,65819.0,99,47
73,0,51411.0,81,72
5589,0,51983.0,95,61
10212,0,42386.0,43,39
6365,2,30390.0,5,38
5636,2,30983.0,50,62
591,1,66033.0,76,68
2217,2,37284.0,46,50
2544,0,57530.0,68,74
7725,1,76800.0,33,60
8091,0,63943.0,50,69
7321,1,76081.0,85,63
5462,1,67445.0,63,51
7791,2,37054.0,89,58
955,0,47175.0,81,63
4037,2,31859.0,77,49
6642,2,27215.0,50,64
2793,1,70179.0,10,49
5424,2,39922.0,30,42
879,0,49681.0,66,49
9530,2,24645.0,16,37
4828,1,79865.0,12,71
10699,0,44322.0,30,40
1497,0,47958.0,8,73
7476,0,63972.0,93,61
4390,1,75315.0,14,71
10478,0,55517.0,53,75
1081,1,75283.0,26,68
4261,1,82800.0,23,79
9916,2,38998.0,92,71
5350,1,90638.0,29,34
8135,2,27161.0,41,39
8685,0,42014.0,56,48
4967,2,38201.0,19,65
2130,0,45203.0,4,43
9298,1,81574.0,89,78
8175,2,34935.0,71,33
6257,0,60482.0,81,49
3790,2,34633.0,31,69
9952,1,78093.0,53,78
3503,1,82460.0,78,75
5223,0,45903.0,80,59
4608,1,81361.0,18,38
1626,2,35860.0,37,52
4764,0,40442.0,52,73
2471,0,61482.0,39,60
5892,2,34968.0,11,45
2612,1,75794.0,33,38
4971,2,31497.0,22,63
5185,1,74268.0,83,70
10069,2,13724.0,43,37
2262,0,45143.0,74,60
1131,0,52569.0,54,58
1041,0,48432.0,3,52
24,2,17144.0,96,65
3409,2,36108.0,68,41
7022,1,76445.0,2,54
7943,2,36663.0,40,50
5272,0,53843.0,64,60
5453,1,90226.0,26,69
2565,1,70638.0,69,70
800,0,44512.0,57,65
11092,2,27116.0,78,64
5062,0,54072.0,71,62
8969,1,71855.0,59,48
4656,0,51250.0,28,35
4480,0,60432.0,61,52
9971,1,65526.0,22,61
6729,1,68655.0,95,37
1773,2,12393.0,38,47
9242,0,64509.0,19,35
1764,2,33955.0,92,50
6215,2,31353.0,24,48
10099,0,55434.0,21,41
5423,2,28359.0,35,42
940,0,57100.0,9,38
3011,1,69139.0,23,60
3298,0,52973.0,92,69
8286,0,51717.0,55,60
9668,2,18793.0,14,54
5120,1,66664.0,78,43
6097,0,50664.0,64,66
7019,0,54414.0,49,62
7408,0,54549.0,8,73
8041,0,47111.0,35,54
252,0,41003.0,11,62
9986,2,19444.0,8,43
3276,2,36301.0,53,49
3859,1,73059.0,36,78
3570,0,42731.0,64,56
3783,0,52854.0,43,66
10207,2,22775.0,40,47
10906,0,46681.0,52,77
3427,0,59821.0,11,70
5209,0,50002.0,21,71
10711,1,69755.0,23,80
10785,0,44078.0,17,56
2814,2,30560.0,6,49
6866,2,35924.0,56,56
1665,0,64140.0,71,61
6575,0,56386.0,51,44
3829,2,24594.0,94,46
3091,1,75774.0,27,44
10141,2,39228.0,1,65
5177,0,58494.0,56,51
7005,0,58684.0,71,44
6409,0,57136.0,18,58
7485,0,56551.0,48,75
8079,2,22448.0,86,43
8395,1,82014.0,48,64
10352,2,34213.0,2,62
4931,1,157146.0,13,48
13,2,25358.0,57,78
1834,2,35544.0,77,47
2285,2,36634.0,0,71
2295,0,62670.0,57,71
1378,0,50334.0,24,53
2781,1,72066.0,55,44
1165,0,50729.0,62,67
1404,2,34916.0,89,57
6457,1,64892.0,77,49
2639,0,43602.0,45,59
8299,2,33996.0,46,36
6437,0,41473.0,80,40
6912,0,63246.0,60,58
7327,2,36732.0,71,66
5299,1,69084.0,43,55
4127,1,77766.0,97,58
8143,2,37929.0,49,40
1964,1,86610.0,66,74
3690,1,80141.0,20,39
3433,1,72635.0,54,70
3389,1,69016.0,61,55
4712,2,20193.0,18,34
1170,2,27573.0,45,50
6347,2,15862.0,26,46
4065,0,49544.0,0,49
8230,2,33228.0,28,45
1215,1,70440.0,49,47
5939,2,38232.0,84,54
2156,2,22554.0,38,70
7788,2,23536.0,53,42
10323,0,49413.0,88,73
7947,0,42231.0,99,56
1891,1,78789.0,12,45
2570,0,56534.0,35,57
9256,0,58350.0,5,54
295,1,81217.0,77,36
7397,0,49090.0,45,74
6349,0,61787.0,71,38
10790,2,18169.0,40,40
10398,2,24336.0,82,44
2431,2,18222.0,70,35
550,0,62335.0,87,73
1890,0,42033.0,95,54
10742,1,86580.0,72,42
10356,0,41437.0,5,68
4676,1,73705.0,86,74
8852,0,61064.0,80,49
3565,2,38452.0,62,70
5294,2,18358.0,49,36
1958,0,55012.0,85,52
7349,2,9722.0,7,52
8799,2,38175.0,6,41
1351,0,58656.0,25,69
1045,0,52117.0,55,60
7732,1,64813.0,81,47
8070,0,54222.0,98,52
477,1,83512.0,31,39
7832,1,77520.0,30,66
2202,0,41154.0,98,47
7396,1,80398.0,92,59
4055,2,18746.0,41,33
10340,2,35196.0,68,41
10091,0,60230.0,78,69
7629,2,22108.0,46,48
10640,0,44392.0,71,51
3498,0,55424.0,6,49
6742,2,17688.0,82,46
1172,1,92491.0,71,42
569,1,90273.0,32,34
4686,1,82571.0,28,63
1381,2,38513.0,20,43
2634,2,16653.0,10,46
10905,0,42586.0,7,70
1744,2,23529.0,67,60
1000,1,74881.0,48,64
3828,1,71107.0,61,74
8605,0,46910.0,36,61
10304,2,18690.0,77,66
4351,2,37244.0,90,70
10129,1,82427.0,35,59
2499,1,75342.0,38,67
10092,1,70044.0,46,71
7500,1,79146.0,33,58
5796,1,77437.0,70,62
10556,0,54984.0,51,66
1064,0,42403.0,18,54
48,0,55761.0,97,61
7610,2,37292.0,32,42
263,0,45576.0,9,80
10814,1,70321.0,6,78
9710,0,58086.0,80,56
9292,1,81795.0,74,73
10250,2,28389.0,49,78
7881,1,66835.0,21,79
5847,1,69901.0,95,56
737,1,80360.0,56,76
3571,0,63342.0,48,64
7807,0,44989.0,26,51
3878,2,31859.0,3,45
5092,0,51569.0,39,76
2154,2,30372.0,33,54
5394,2,16014.0,42,46
3798,0,41120.0,80,57
3524,2,39763.0,9,54
5247,2,38725.0,52,70
5883,1,77981.0,78,53
2118,0,62905.0,68,61
8812,2,13533.0,45,46
6616,0,59481.0,47,50
2797,1,72117.0,34,48
4328,2,21955.0,81,39
9167,1,67131.0,72,69
10560,2,36802.0,23,45
2631,1,71853.0,29,43
8312,2,28249.0,80,64
5534,0,47808.0,30,50
5093,2,25509.0,15,51
7592,0,51012.0,86,79
8895,1,70596.0,68,40
8584,1,85431.0,54,73
2694,0,42664.0,44,58
8910,0,42586.0,7,70
7433,2,29760.0,87,40
164,2,28973.0,59,48
10477,2,39435.0,16,52
2681,1,65370.0,1,41
5150,2,20194.0,64,46
5283,0,42473.0,72,49
9645,1,64590.0,98,57
10678,1,71232.0,91,66
7261,2,34600.0,8,54
9648,0,46904.0,20,58
2870,0,49094.0,6,52
8008,2,36075.0,54,42
1513,0,60839.0,72,46
6173,1,77298.0,46,46
1419,2,34026.0,11,75
9150,0,48918.0,21,62
7960,1,82122.0,89,63
1250,2,37697.0,82,49
9905,2,34074.0,69,73
10691,2,28520.0,55,65
7002,0,62535.0,13,70
2952,2,36273.0,80,48
8439,0,63404.0,97,61
762,1,75774.0,27,44
2831,1,78416.0,99,49
6977,1,75702.0,87,51
6289,0,59385.0,85,74
4168,2,37070.0,30,59
8397,0,44689.0,82,74
9284,0,53977.0,21,67
6237,2,7144.0,92,59
3130,2,18701.0,95,61
1619,1,90369.0,2,69
1990,0,63159.0,74,51
5513,2,37758.0,49,59
269,0,46757.0,71,62
8093,1,79734.0,72,56
10513,0,63207.0,68,33
10177,1,72071.0,4,71
2549,2,21840.0,80,42
5782,0,58582.0,15,43
10057,1,72282.0,70,74
10307,0,50387.0,91,69
8566,2,32583.0,10,64
2415,0,62568.0,99,63
5684,0,44635.0,25,54
8334,2,33316.0,34,54
9166,0,63967.0,57,57
1440,0,52513.0,84,47
78,2,25293.0,51,56
5441,0,54111.0,97,60
5302,1,78394.0,13,39
4687,1,80739.0,92,67
1087,2,22669.0,30,50
6859,2,29236.0,30,38
9860,0,44911.0,11,66
7129,0,54693.0,72,63
5866,0,48186.0,39,51
10521,0,54809.0,0,48
7393,0,41580.0,15,47
7849,1,80336.0,12,55
332,0,47743.0,56,68
9847,0,62972.0,39,70
531,0,57333.0,55,71
9576,2,32313.0,60,43
6906,1,84953.0,73,72
7419,2,27071.0,90,57
3170,1,68148.0,86,68
8527,1,65735.0,37,60
7872,1,86836.0,7,50
9931,2,4023.0,29,62
10595,2,30093.0,19,35
4609,0,57705.0,14,59
5010,2,25008.0,72,37
4427,1,83257.0,56,30
11148,2,22280.0,85,50
1168,1,72159.0,62,47
9595,0,64260.0,1,64
10163,1,82733.0,28,41
2886,1,74290.0,70,54
6710,0,58217.0,84,74
5316,2,21024.0,89,49
9029,1,70116.0,73,53
521,0,54006.0,42,40
1459,1,69063.0,16,59
10241,2,11448.0,16,50
1630,0,61825.0,56,46
3254,1,70886.0,65,54
9064,1,69109.0,10,43
3678,0,60208.0,13,52
4227,2,32889.0,78,57
9467,2,34738.0,51,41
8486,2,30538.0,27,54
2186,1,82326.0,30,48
3286,2,26642.0,71,58
8602,1,69932.0,97,61
3722,0,44503.0,83,53
6715,0,60200.0,3,77
4796,0,49638.0,71,73
9612,2,23830.0,3,38
3766,2,33051.0,15,66
1399,1,72905.0,52,67
1570,1,69702.0,8,74
3426,1,70300.0,89,50
3074,1,70643.0,66,41
8341,2,30396.0,22,56
5180,0,50616.0,56,57
6461,0,62772.0,74,56
7679,2,30298.0,48,40
10702,0,52413.0,67,41
7505,0,44155.0,24,68
5113,1,86979.0,67,54
10858,1,76532.0,38,50
2961,0,42081.0,86,43
2747,1,67546.0,90,37
3010,1,88420.0,87,36
5790,2,31158.0,62,40
6892,0,61671.0,23,57
1743,1,69719.0,99,51
3578,0,49160.0,29,76
8462,2,24882.0,52,47
5558,1,90933.0,90,71
4619,1,113734.0,9,80
8780,0,59292.0,71,75
10789,0,45759.0,13,61
10779,2,22148.0,16,42
5896,1,73395.0,94,38
2337,2,29819.0,77,54
10951,0,45688.0,20,57
544,0,62820.0,51,71
17,0,60491.0,81,54
10680,2,33235.0,71,39
3265,2,35701.0,36,66
5623,2,31535.0,95,45
5832,1,92556.0,32,65
5544,1,67384.0,32,55
6417,1,80573.0,85,54
5831,1,77870.0,93,58
7101,0,52278.0,24,62
10176,0,57107.0,44,57
2326,2,18929.0,15,35
4385,2,36038.0,82,44
2929,2,20180.0,27,49
10686,2,34230.0,72,60
2546,2,31878.0,7,48
3283,1,70932.0,57,53
3138,1,91249.0,84,69
4994,1,77598.0,53,82
7966,1,80982.0,48,66
3112,2,22701.0,2,48
10872,0,55212.0,65,56
2181,1,70617.0,45,55
1867,1,64849.0,42,68
1518,0,62694.0,29,60
5734,0,61917.0,83,51
2878,1,67472.0,93,78
1458,2,21059.0,40,43
7007,2,29543.0,47,57
6200,1,75903.0,50,74
1403,2,34984.0,40,50
4827,0,54998.0,3,69
6250,0,54356.0,62,76
9291,2,34242.0,25,66
2478,2,25410.0,48,52
1139,1,73356.0,56,41
5138,2,28320.0,68,75
5393,2,23763.0,64,48
10413,1,72570.0,67,41
5015,2,34529.0,94,49
10868,1,70792.0,82,74
10676,0,63211.0,3,43
2495,1,83891.0,24,51
7842,2,36065.0,54,57
9955,2,39898.0,20,71
6663,0,51141.0,96,85
2162,0,56939.0,19,49
3434,1,80872.0,60,74
7919,1,72335.0,2,49
5626,0,61798.0,13,61
6428,1,76842.0,37,75
8514,2,29478.0,59,49
10448,0,46998.0,55,69
2109,1,96843.0,60,35
7530,0,56551.0,48,75
8925,1,70053.0,38,60
3009,1,71670.0,8,63
6355,0,44359.0,19,47
3517,0,40887.0,32,73
1158,0,48877.0,27,59
6203,1,74485.0,58,78
7165,0,64474.0,59,53
3595,1,77226.0,29,62
8537,1,72643.0,60,76
4331,1,85738.0,41,47
6281,0,55686.0,27,59
4338,2,39062.0,28,42
2452,2,34600.0,8,54
9507,0,40794.0,18,50
8360,0,54690.0,76,54
10311,2,4428.0,0,56
5117,2,32632.0,32,62
4867,2,38236.0,2,57
9289,2,36781.0,16,46
10913,2,31385.0,56,41
3032,2,24570.0,97,41
8524,2,25509.0,15,51
3334,1,94642.0,35,74
4470,0,58646.0,3,63
1406,0,53201.0,49,50
8619,2,21994.0,4,68
10821,0,57113.0,45,47
4552,0,51373.0,37,34
898,2,23477.0,39,39
9797,0,58116.0,38,69
10949,1,72968.0,8,62
8212,2,39791.0,89,54
6248,1,91712.0,47,78
10164,1,94472.0,75,67
4547,2,13672.0,86,65
6815,1,96547.0,4,45
4122,1,79205.0,73,50
10841,0,56559.0,46,50
5370,2,32644.0,38,52
176,1,67506.0,73,45
4860,2,24206.0,66,55
10757,2,28420.0,36,58
4023,2,22979.0,29,55
6679,2,33279.0,29,59
9923,0,46423.0,6,53
7181,2,30368.0,97,48
3599,0,63684.0,61,55
405,0,41638.0,68,61
6870,1,68805.0,73,66
832,1,65814.0,90,59
2002,1,71964.0,81,67
3657,2,39146.0,1,39
500,1,96876.0,79,48
1951,2,34445.0,92,44
3262,1,68281.0,31,67
4102,2,37284.0,46,50
7042,2,36790.0,14,42
10598,2,27943.0,89,58
255,2,22263.0,31,74
2375,2,30261.0,75,53
9829,2,28587.0,42,47
6214,0,43815.0,53,43
4954,0,48195.0,53,69
7861,1,77027.0,23,73
4837,1,71322.0,57,60
9423,2,32765.0,49,46
4198,2,29672.0,6,60
153,2,23272.0,29,72
9323,0,49912.0,5,76
10001,2,7500.0,98,40
3945,1,68117.0,80,78
3799,1,67225.0,4,70
8625,2,17649.0,70,49
3491,0,55914.0,32,50
983,2,40059.0,82,41
9119,0,60905.0,27,75
4786,1,75330.0,94,48
5872,0,60689.0,23,74
6568,2,38680.0,97,41
5628,0,61416.0,25,43
5631,0,49767.0,92,34
4974,1,83273.0,98,55
8416,2,29009.0,19,44
5454,0,45057.0,80,46
4095,2,37150.0,80,54
5474,0,43020.0,79,55
4268,0,53154.0,50,66
10701,1,65308.0,60,52
3507,1,76467.0,44,55
2079,1,81044.0,0,78
626,2,32871.0,28,74
4426,0,55801.0,35,50
2591,1,76320.0,49,66
10509,2,36927.0,46,70
6382,0,48794.0,97,72
6673,2,23478.0,51,60
7441,1,71128.0,80,52
1071,1,70179.0,10,49
10061,0,59462.0,29,75
7187,0,51381.5,52,56
8775,2,38361.0,74,56
1612,0,51381.5,82,44
2345,1,70038.0,54,43
322,0,42554.0,93,47
10897,1,67445.0,63,51
123,1,67046.0,92,74
6103,0,42192.0,40,77
7899,1,77610.0,70,73
10500,2,31761.0,96,41
1655,2,34350.0,81,46
2406,0,54591.0,63,76
2712,1,71866.0,85,69
5517,2,25293.0,51,56
10643,0,42000.0,23,38
2254,1,69520.0,95,42
10281,1,64713.0,11,55
6958,2,27889.0,42,48
954,2,22123.0,77,65
5079,0,51381.5,82,54
10339,0,51381.5,83,71
4643,2,27803.0,40,52
3117,0,51381.5,95,70
6497,0,51651.0,32,65
5396,1,68487.0,48,37
5250,0,51381.5,75,82
1052,0,56796.0,24,56
2802,1,87000.0,61,33
6343,1,79823.0,6,66
6507,2,30828.0,16,45
7901,2,34109.0,39,54
4865,0,53367.0,2,51
2686,2,22390.0,49,56
3107,1,71322.0,31,49
7734,1,79244.0,58,32
1146,0,49912.0,5,76
11031,0,48699.0,90,75
7428,1,80144.0,47,50
975,0,54252.0,25,69
1103,1,81929.0,60,49
3422,1,76068.0,67,50
1055,0,53204.0,40,49
6544,1,67911.0,63,76
1241,2,14796.0,1,41
2909,1,78128.0,89,51
5802,2,14188.0,40,53
1407,2,20425.0,5,39
6183,0,58646.0,3,63
340,1,72967.0,1,55
5991,0,48150.0,24,76
3104,1,82332.0,89,64
9729,0,58275.0,48,70
1008,0,44953.0,31,44
11091,2,34587.0,68,72
3969,0,43018.0,46,51
1916,0,45736.0,92,71
9907,1,66476.0,80,56
87,2,27733.0,16,44
8659,1,69805.0,50,73
6262,1,72217.0,93,63
6147,2,25818.0,51,54
8832,2,37509.0,24,49
10067,2,25176.0,79,49
7532,0,43586.0,26,45
4915,0,53230.0,86,69
2115,0,50116.0,68,68
2088,1,84906.0,98,53
2493,0,61286.0,34,59
6292,1,82333.0,60,39
1631,1,65220.0,3,60
10104,2,33590.0,65,51
3006,2,30992.0,83,49
3919,1,72309.0,64,49
11181,1,156924.0,85,76
642,2,16005.0,69,45
4369,1,65487.0,48,68
10127,0,58692.0,21,60
271,0,40590.0,30,56
4973,2,20587.0,39,55
2948,0,62637.0,76,71
2715,2,29435.0,11,59
10432,2,19346.0,26,51
9216,2,35788.0,34,54
7124,2,36997.0,72,57
9727,2,23539.0,13,68
5136,1,65333.0,58,52
9790,1,78499.0,12,68
1818,2,29732.0,23,54
1100,0,41275.0,33,65
7873,0,63516.0,30,52
10609,0,42769.0,15,63
6950,0,49572.0,25,67
7233,1,69209.0,4,53
9481,2,17148.0,80,49
7699,0,40590.0,30,56
2711,2,30560.0,6,49
8933,2,32146.0,16,42
8726,0,41713.0,57,61
1515,2,34176.0,9,50
5186,0,58482.0,59,70
10157,0,59686.0,78,60
5667,0,60896.0,90,61
902,0,62994.0,74,45
977,0,47320.0,10,68
7313,1,74859.0,63,76
7600,2,15253.0,13,33
9706,2,31560.0,98,51
2429,1,72071.0,4,71
3520,1,91172.0,94,35
10394,1,90000.0,91,41
4548,0,41967.0,66,44
9362,1,69263.0,14,60
3968,1,65706.0,77,55
4084,0,60934.0,41,50
6721,1,71965.0,21,74
2829,1,65210.0,25,70
1772,1,79174.0,2,50
1544,1,81380.0,51,58
492,0,48432.0,3,52
4377,0,52914.0,32,54
4541,2,38946.0,84,70
1321,2,26067.0,49,51
8858,0,44325.0,69,53
3266,0,42523.0,96,61
11187,2,26487.0,23,47
8207,0,53233.0,18,68
9723,1,67716.0,8,65
2666,1,76234.0,21,53
5721,1,84117.0,60,69
10652,1,65487.0,48,68
1646,2,25224.0,36,53
4418,1,89616.0,36,42
2656,0,40851.0,63,54
7990,2,27469.0,2,78
8722,1,82347.0,38,68
7118,1,73803.0,61,68
2980,2,8820.0,52,73
1839,0,43322.0,25,51
10722,0,55593.0,63,52
2632,0,50501.0,10,71
9014,2,37085.0,65,50
7620,2,16185.0,71,35
10968,0,57731.0,0,56
11133,0,48432.0,3,52
2736,1,73807.0,88,47
1876,2,18929.0,15,35
5959,2,35893.0,80,57
1092,0,61014.0,17,45
4333,2,32144.0,76,71
3850,2,14918.0,52,62
6168,0,45146.0,28,62
607,0,41769.0,31,70
10469,1,88325.0,42,44
6983,2,38054.0,24,75
3661,1,80617.0,42,30
9303,2,5305.0,12,49
692,2,36807.0,88,71
736,2,28427.0,67,42
9589,1,82032.0,54,77
4838,2,22775.0,40,47
9246,2,40101.0,73,40
6261,0,58025.0,81,46
7366,1,75777.0,12,43
10659,2,7500.0,7,46
1448,2,33562.0,33,62
4286,0,57642.0,24,55
4749,0,58554.0,55,57
4478,0,63777.0,87,46
4201,0,57967.0,39,63
8720,0,51381.5,53,47
10084,2,24434.0,9,53
7004,2,11012.0,82,41
9817,0,44802.0,71,55
8080,2,26816.0,50,39
9432,3,666666.0,23,48
8372,2,34421.0,81,51
10870,0,61223.0,46,58
4001,0,64014.0,56,79
7270,0,56981.0,91,44
8235,1,69245.0,8,69
9405,0,52869.0,40,71
